-- phpMyAdmin SQL Dump
-- version 5.2.1
-- https://www.phpmyadmin.net/
--
-- Host: 127.0.0.1
-- Generation Time: Mar 11, 2024 at 02:03 AM
-- Server version: 10.4.32-MariaDB
-- PHP Version: 8.0.30

SET SQL_MODE = "NO_AUTO_VALUE_ON_ZERO";
START TRANSACTION;
SET time_zone = "+00:00";


/*!40101 SET @OLD_CHARACTER_SET_CLIENT=@@CHARACTER_SET_CLIENT */;
/*!40101 SET @OLD_CHARACTER_SET_RESULTS=@@CHARACTER_SET_RESULTS */;
/*!40101 SET @OLD_COLLATION_CONNECTION=@@COLLATION_CONNECTION */;
/*!40101 SET NAMES utf8mb4 */;

--
-- Database: `developers`
--

-- --------------------------------------------------------

--
-- Table structure for table `about`
--

CREATE TABLE `about` (
  `id` int(10) NOT NULL,
  `title` varchar(100) NOT NULL,
  `content` longtext NOT NULL,
  `image` varchar(300) NOT NULL
) ENGINE=InnoDB DEFAULT CHARSET=utf8mb4 COLLATE=utf8mb4_general_ci;

--
-- Dumping data for table `about`
--

INSERT INTO `about` (`id`, `title`, `content`, `image`) VALUES
(10, 'About Our Company', '<div id=\"pgc-w5d0dcc3394ac1-0-0\" class=\"panel-grid-cell\">\r\n<div id=\"panel-w5d0dcc3394ac1-0-0-0\" class=\"so-panel widget widget_sow-editor panel-first-child panel-last-child\" data-index=\"0\">\r\n<div class=\"so-widget-sow-editor so-widget-sow-editor-base\">\r\n<div class=\"siteorigin-widget-tinymce textwidget\">\r\n<p class=\"text_all_p_tag_css\">Pramukh Web Solution is a website design and Web development Company dedicated to provide web based solutions to all type of businesses. Located in Ahmedabad, Gujarat (India).</p>\r\n<p class=\"text_all_p_tag_css\">Pramukh Web Solution is a one stop solution for all your IT needs. It Provides full featured innovative and high quality cost effective IT web designing solutions ranging from customized web development, PHP web development, ASP.NET and all kind of programming to complete web solutions including web design, Web Development in PHP, eCommerce Solutions, Multimedia, and Print publication solutions, CSS/XHTML Web Design, Content Management, SEO (Web Promotion), Domain Registration, Web Hosting to businesses throughout the India.</p>\r\n<div id=\"pgc-w5d0dcc3394ac1-0-0\" class=\"panel-grid-cell\">\r\n<div id=\"panel-w5d0dcc3394ac1-0-0-0\" class=\"so-panel widget widget_sow-editor panel-first-child panel-last-child\" data-index=\"0\">\r\n<div class=\"so-widget-sow-editor so-widget-sow-editor-base\">\r\n<div class=\"siteorigin-widget-tinymce textwidget\">\r\n<p class=\"text_all_p_tag_css\">Pramukh Web Solution is a website design and Web development Company dedicated to provide web based solutions to all type of businesses. Located in Ahmedabad, Gujarat (India).</p>\r\n<p class=\"text_all_p_tag_css\">Pramukh Web Solution is a one stop solution for all your IT needs. It Provides full featured innovative and high quality cost effective IT web designing solutions ranging from customized web development, PHP web development, ASP.NET and all kind of programming to complete web solutions including web design, Web Development in PHP, eCommerce Solutions, Multimedia, and Print publication solutions, CSS/XHTML Web Design, Content Management, SEO (Web Promotion), Domain Registration, Web Hosting to businesses throughout the India.</p>\r\n</div>\r\n</div>\r\n</div>\r\n</div>\r\n</div>\r\n</div>\r\n</div>\r\n</div>', 'condos-pool.png');

-- --------------------------------------------------------

--
-- Table structure for table `admin`
--

CREATE TABLE `admin` (
  `aid` int(10) NOT NULL,
  `auser` varchar(50) NOT NULL,
  `aemail` varchar(50) NOT NULL,
  `apass` varchar(50) NOT NULL,
  `adob` date NOT NULL,
  `aphone` varchar(15) NOT NULL
) ENGINE=InnoDB DEFAULT CHARSET=utf8mb4 COLLATE=utf8mb4_general_ci;

--
-- Dumping data for table `admin`
--

INSERT INTO `admin` (`aid`, `auser`, `aemail`, `apass`, `adob`, `aphone`) VALUES
(2, 'disha', 'disha@gmail.com', 'disha', '1999-02-02', '9689689698'),
(6, 'final', 'final@gmail.com', 'final', '2020-04-29', '7979656578'),
(7, 'test', 'test@gmail.com', 'test', '2020-04-29', '8997979765'),
(8, 'check', 'check@gmail.com', 'check', '2020-04-29', '8979785688'),
(9, 'admin', 'admin@gmail.com', 'admin', '1999-12-06', '9878786545');

-- --------------------------------------------------------

--
-- Table structure for table `city`
--

CREATE TABLE `city` (
  `cid` int(50) NOT NULL,
  `cname` varchar(100) NOT NULL,
  `sid` int(50) NOT NULL
) ENGINE=InnoDB DEFAULT CHARSET=utf8mb4 COLLATE=utf8mb4_general_ci;

--
-- Dumping data for table `city`
--

INSERT INTO `city` (`cid`, `cname`, `sid`) VALUES
(9, 'navi mumbai', 3),
(10, 'vapi', 2),
(11, 'valsad', 2);

-- --------------------------------------------------------

--
-- Table structure for table `contact`
--

CREATE TABLE `contact` (
  `cid` int(50) NOT NULL,
  `name` varchar(100) NOT NULL,
  `email` varchar(100) NOT NULL,
  `phone` varchar(20) NOT NULL,
  `subject` varchar(100) NOT NULL,
  `message` varchar(250) NOT NULL
) ENGINE=InnoDB DEFAULT CHARSET=utf8mb4 COLLATE=utf8mb4_general_ci;

--
-- Dumping data for table `contact`
--

INSERT INTO `contact` (`cid`, `name`, `email`, `phone`, `subject`, `message`) VALUES
(2, 'demo', 'demo@gmail.com', '9765989689', 'demo', 'demo'),
(4, 'test', 'test@gmail.com', '7976976979', 'test', 'test'),
(5, 'final', 'final@gmail.com', '7697967967', 'final', 'final'),
(6, 'disha', 'disha@gmail.com', '7898797696', 'demo', 'demo'),
(7, 'y', 'y@gmail.com', '.3.5.', '65363', '3263');

-- --------------------------------------------------------

--
-- Table structure for table `feedback`
--

CREATE TABLE `feedback` (
  `fid` int(50) NOT NULL,
  `uid` int(50) NOT NULL,
  `fdescription` varchar(300) NOT NULL,
  `status` int(1) NOT NULL,
  `date` date NOT NULL DEFAULT current_timestamp()
) ENGINE=InnoDB DEFAULT CHARSET=utf8mb4 COLLATE=utf8mb4_general_ci;

--
-- Dumping data for table `feedback`
--

INSERT INTO `feedback` (`fid`, `uid`, `fdescription`, `status`, `date`) VALUES
(2, 15, 'Magicbricks made my life easy. It helped me with the search for my first ever investment i.e. 1BHK apartment in Mira Road. Thanks to the team for providing relevant tools like EMI calculator and smart search.\r\n', 1, '2020-04-03'),
(3, 18, 'I am young professional, Magicbricks search helped me in shortlisting property in Navi Mumbai. I learned what kind of property will cost me how much and what are the types of amenities I will be getting?', 1, '2020-04-03'),
(4, 21, 'I was looking for a flat in Andheri and Magicbricks website helped me get one smoothly. I could choose not just the property but also check what others had to say about the area. The site is simple and user friendly.\r\n', 1, '2020-04-03'),
(5, 23, 'The constant touch through other true calls really surprised me.They sent their officer to get the photographs of my shop & promptly posted all the pics which helped me in getting the tenant fast. Hats off to Magicbricks.\r\n', 1, '2020-04-03'),
(6, 24, 'I moved to Mumbai from Delhi early this year and I looked online for a suitable apartment for rent in areas near my workplace in Andheri. Thanks Magicbricks for giving me so many options with Travel Time search.\r\n', 1, '2020-04-03');

-- --------------------------------------------------------

--
-- Table structure for table `property`
--

CREATE TABLE `property` (
  `pid` int(50) NOT NULL,
  `title` varchar(200) NOT NULL,
  `pcontent` longtext NOT NULL,
  `type` varchar(100) NOT NULL,
  `bhk` varchar(50) NOT NULL,
  `stype` varchar(100) NOT NULL,
  `bedroom` int(50) NOT NULL,
  `bathroom` int(50) NOT NULL,
  `balcony` int(50) NOT NULL,
  `kitchen` int(50) NOT NULL,
  `hall` int(50) NOT NULL,
  `floor` varchar(50) NOT NULL,
  `size` int(50) NOT NULL,
  `price` int(50) NOT NULL,
  `location` varchar(200) NOT NULL,
  `city` varchar(100) NOT NULL,
  `state` varchar(100) NOT NULL,
  `feature` longtext NOT NULL,
  `pimage` varchar(300) NOT NULL,
  `pimage1` varchar(300) NOT NULL,
  `pimage2` varchar(300) NOT NULL,
  `pimage3` varchar(300) NOT NULL,
  `pimage4` varchar(300) NOT NULL,
  `uid` int(50) NOT NULL,
  `status` varchar(50) NOT NULL,
  `mapimage` varchar(300) NOT NULL,
  `topmapimage` varchar(300) NOT NULL,
  `groundmapimage` varchar(300) NOT NULL,
  `totalfloor` varchar(50) NOT NULL,
  `date` datetime NOT NULL DEFAULT current_timestamp()
) ENGINE=InnoDB DEFAULT CHARSET=utf8mb4 COLLATE=utf8mb4_general_ci;

--
-- Dumping data for table `property`
--

INSERT INTO `property` (`pid`, `title`, `pcontent`, `type`, `bhk`, `stype`, `bedroom`, `bathroom`, `balcony`, `kitchen`, `hall`, `floor`, `size`, `price`, `location`, `city`, `state`, `feature`, `pimage`, `pimage1`, `pimage2`, `pimage3`, `pimage4`, `uid`, `status`, `mapimage`, `topmapimage`, `groundmapimage`, `totalfloor`, `date`) VALUES
(11, 'Serenity Haven', '', 'office', '2 BHK', 'sale', 1, 2, 3, 4, 5, '3rd Floor', 4321, 897898, 'sabji market main road vapi', 'valsad', 'gujarat', '<div class=\"col-md-4\">\r\n													<ul>\r\n													<li class=\"mb-3\"><span class=\"text-secondary font-weight-bold\">Property Age : </span>10 Years</li>\r\n													<li class=\"mb-3\"><span class=\"text-secondary font-weight-bold\">Swiming Pool : </span>Yes</li>\r\n													\r\n													<li class=\"mb-3\"><span class=\"text-secondary font-weight-bold\">Parking : </span>Yes</li>\r\n													</ul>\r\n													</div>\r\n													<div class=\"col-md-4\">\r\n													<ul>\r\n													<li class=\"mb-3\"><span class=\"text-secondary font-weight-bold\">Type : </span>Appartment</li>\r\n													<li class=\"mb-3\"><span class=\"text-secondary font-weight-bold\">Security : </span>Yes</li>\r\n													<li class=\"mb-3\"><span class=\"text-secondary font-weight-bold\">Dining Capacity : </span>10 People</li>\r\n													\r\n													</ul>\r\n													</div>\r\n													<div class=\"col-md-4\">\r\n													<ul>\r\n													<li class=\"mb-3\"><span class=\"text-secondary font-weight-bold\">3rd Party : </span>No</li>\r\n													<li class=\"mb-3\"><span class=\"text-secondary font-weight-bold\">Alivator : </span>Yes</li>\r\n													<li class=\"mb-3\"><span class=\"text-secondary font-weight-bold\">Water Supply : </span>Ground Water / Tank</li>\r\n													</ul>\r\n													</div>', '1.jpg', '2.jpg', '3.jpg', '4.jpg', '5.jpg', 15, 'Available', '', '', '', '', '2020-04-03 00:28:14'),
(15, 'Tranquil Waters', '', 'appartment', '2 BHK', 'rent', 2, 2, 1, 1, 1, '2nd Floor', 1500, 1556000, 'Main road vapi market', 'vapi', 'gujarat', '<div class=\"col-md-4\">\r\n													<ul>\r\n													<li class=\"mb-3\"><span class=\"text-secondary font-weight-bold\">Property Age : </span>10 Years</li>\r\n													<li class=\"mb-3\"><span class=\"text-secondary font-weight-bold\">Swiming Pool : </span>Yes</li>\r\n													\r\n													<li class=\"mb-3\"><span class=\"text-secondary font-weight-bold\">Parking : </span>Yes</li>\r\n													</ul>\r\n													</div>\r\n													<div class=\"col-md-4\">\r\n													<ul>\r\n													<li class=\"mb-3\"><span class=\"text-secondary font-weight-bold\">Type : </span>Appartment</li>\r\n													<li class=\"mb-3\"><span class=\"text-secondary font-weight-bold\">Security : </span>Yes</li>\r\n													<li class=\"mb-3\"><span class=\"text-secondary font-weight-bold\">Dining Capacity : </span>10 People</li>\r\n													\r\n													</ul>\r\n													</div>\r\n													<div class=\"col-md-4\">\r\n													<ul>\r\n													<li class=\"mb-3\"><span class=\"text-secondary font-weight-bold\">3rd Party : </span>No</li>\r\n													<li class=\"mb-3\"><span class=\"text-secondary font-weight-bold\">Alivator : </span>Yes</li>\r\n													<li class=\"mb-3\"><span class=\"text-secondary font-weight-bold\">Water Supply : </span>Ground Water / Tank</li>\r\n													</ul>\r\n													</div>', '01.jpg', '02.jpg', '03.jpg', '04.jpg', '05.jpg', 15, 'Available', '', '', '', '', '2020-04-03 14:45:49'),
(17, 'Sunflower Cottage', '', 'flat', '2 BHK', 'rent', 2, 2, 1, 1, 1, '2nd Floor', 1500, 1550000, 'bhilad main market', 'bhilad', 'gujarat', '<p>&nbsp;</p>\r\n<!---feature area start--->\r\n<div class=\"col-md-4\">\r\n<ul>\r\n<li class=\"mb-3\"><span class=\"text-secondary font-weight-bold\">Property Age : </span>10 Years</li>\r\n<li class=\"mb-3\"><span class=\"text-secondary font-weight-bold\">Swiming Pool : </span>Yes</li>\r\n<li class=\"mb-3\"><span class=\"text-secondary font-weight-bold\">Parking : </span>Yes</li>\r\n<li class=\"mb-3\"><span class=\"text-secondary font-weight-bold\">GYM : </span>Yes</li>\r\n</ul>\r\n</div>\r\n<div class=\"col-md-4\">\r\n<ul>\r\n<li class=\"mb-3\"><span class=\"text-secondary font-weight-bold\">Type : </span>Appartment</li>\r\n<li class=\"mb-3\"><span class=\"text-secondary font-weight-bold\">Security : </span>Yes</li>\r\n<li class=\"mb-3\"><span class=\"text-secondary font-weight-bold\">Dining Capacity : </span>10 People</li>\r\n<li class=\"mb-3\"><span class=\"text-secondary font-weight-bold\">Temple : </span>Yes</li>\r\n</ul>\r\n</div>\r\n<div class=\"col-md-4\">\r\n<ul>\r\n<li class=\"mb-3\"><span class=\"text-secondary font-weight-bold\">3rd Party : </span>No</li>\r\n<li class=\"mb-3\"><span class=\"text-secondary font-weight-bold\">Alivator : </span>Yes</li>\r\n<li class=\"mb-3\"><span class=\"text-secondary font-weight-bold\">CCTV : </span>Yes</li>\r\n<li class=\"mb-3\"><span class=\"text-secondary font-weight-bold\">Water Supply : </span>Ground Water / Tank</li>\r\n</ul>\r\n</div>\r\n<!---feature area end---->\r\n<p>&nbsp;</p>', '01.jpg', '02.jpg', '03.jpg', '04.jpg', '05.jpg', 21, 'Sold Out', '', '', '', '', '2020-04-03 17:47:40'),
(25, 'Nexus ', '', 'villa', '2 BHK', 'rent', 2, 2, 3, 2, 2, '1st Floor', 3200, 23000000, 'Goregaon ', 'Mumbai', 'Maharashtra', '<p>&nbsp;</p>\r\n<!---feature area start--->\r\n<div class=\"col-md-4\">\r\n<ul>\r\n<li class=\"mb-3\"><span class=\"text-secondary font-weight-bold\">Property Age : </span>10 Years</li>\r\n<li class=\"mb-3\"><span class=\"text-secondary font-weight-bold\">Swiming Pool : </span>Yes</li>\r\n<li class=\"mb-3\"><span class=\"text-secondary font-weight-bold\">Parking : </span>Yes</li>\r\n<li class=\"mb-3\"><span class=\"text-secondary font-weight-bold\">GYM : </span>Yes</li>\r\n</ul>\r\n</div>\r\n<div class=\"col-md-4\">\r\n<ul>\r\n<li class=\"mb-3\"><span class=\"text-secondary font-weight-bold\">Type : </span>Appartment</li>\r\n<li class=\"mb-3\"><span class=\"text-secondary font-weight-bold\">Security : </span>Yes</li>\r\n<li class=\"mb-3\"><span class=\"text-secondary font-weight-bold\">Dining Capacity : </span>10 People</li>\r\n<li class=\"mb-3\"><span class=\"text-secondary font-weight-bold\">Temple : </span>Yes</li>\r\n</ul>\r\n</div>\r\n<div class=\"col-md-4\">\r\n<ul>\r\n<li class=\"mb-3\"><span class=\"text-secondary font-weight-bold\">3rd Party : </span>No</li>\r\n<li class=\"mb-3\"><span class=\"text-secondary font-weight-bold\">Alivator : </span>Yes</li>\r\n<li class=\"mb-3\"><span class=\"text-secondary font-weight-bold\">CCTV : </span>Yes</li>\r\n<li class=\"mb-3\"><span class=\"text-secondary font-weight-bold\">Water Supply : </span>Ground Water / Tank</li>\r\n</ul>\r\n</div>\r\n<!---feature area end---->\r\n<p>&nbsp;</p>', 'hall-img-2.webp', 'hall-img-6.webp\r\n\r\n\r\n', 'bathroom-img-3.webp', 'hall-img-3.webp', '\r\nbathroom-img-1.webp', 14, 'Available', 'house-img-1.webp', '\r\nbathroom-img-2.webp', 'hall-img-6.webp', '12 Floor', '2024-02-26 16:17:18'),
(26, 'Nexus 2', '', 'villa', '2 BHK', 'rent', 2, 2, 3, 2, 2, '1st Floor', 3200, 31000000, 'Goregaon ', 'Mumbai', 'Maharashtra', '<p>&nbsp;</p>\r\n<!---feature area start--->\r\n<div class=\"col-md-4\">\r\n<ul>\r\n<li class=\"mb-3\"><span class=\"text-secondary font-weight-bold\">Property Age : </span>10 Years</li>\r\n<li class=\"mb-3\"><span class=\"text-secondary font-weight-bold\">Swiming Pool : </span>Yes</li>\r\n<li class=\"mb-3\"><span class=\"text-secondary font-weight-bold\">Parking : </span>Yes</li>\r\n<li class=\"mb-3\"><span class=\"text-secondary font-weight-bold\">GYM : </span>Yes</li>\r\n</ul>\r\n</div>\r\n<div class=\"col-md-4\">\r\n<ul>\r\n<li class=\"mb-3\"><span class=\"text-secondary font-weight-bold\">Type : </span>Appartment</li>\r\n<li class=\"mb-3\"><span class=\"text-secondary font-weight-bold\">Security : </span>Yes</li>\r\n<li class=\"mb-3\"><span class=\"text-secondary font-weight-bold\">Dining Capacity : </span>10 People</li>\r\n<li class=\"mb-3\"><span class=\"text-secondary font-weight-bold\">Temple : </span>Yes</li>\r\n</ul>\r\n</div>\r\n<div class=\"col-md-4\">\r\n<ul>\r\n<li class=\"mb-3\"><span class=\"text-secondary font-weight-bold\">3rd Party : </span>No</li>\r\n<li class=\"mb-3\"><span class=\"text-secondary font-weight-bold\">Alivator : </span>Yes</li>\r\n<li class=\"mb-3\"><span class=\"text-secondary font-weight-bold\">CCTV : </span>Yes</li>\r\n<li class=\"mb-3\"><span class=\"text-secondary font-weight-bold\">Water Supply : </span>Ground Water / Tank</li>\r\n</ul>\r\n</div>\r\n<!---feature area end---->\r\n<p>&nbsp;</p>', '\r\nhall-img-3.webp', '\r\nhall-img-6.webp', '\r\nhall-img-2.webp', 'bathroom-img-1.webp', 'bathroom-img-3.webp', 14, 'Available', 'house-img-1.webp', 'bathroom-img-2.webp', 'hall-img-6.webp', '12 Floor', '2024-02-26 16:17:18'),
(85, 'oceans 1', '', 'appartment', '2 BHK', 'sale', 2, 2, 1, 1, 1, '2nd Floor', 1500, 1556000, 'Shop no 2 sk complex, yelahanka new town, 4th phase, 308, SFS, 407', 'Bangalore', 'Karnataka', '<div class=\"col-md-4\">\r\n													<ul>\r\n													<li class=\"mb-3\"><span class=\"text-secondary font-weight-bold\">Property Age : </span>10 Years</li>\r\n													<li class=\"mb-3\"><span class=\"text-secondary font-weight-bold\">Swiming Pool : </span>Yes</li>\r\n													\r\n													<li class=\"mb-3\"><span class=\"text-secondary font-weight-bold\">Parking : </span>Yes</li>\r\n													</ul>\r\n													</div>\r\n													<div class=\"col-md-4\">\r\n													<ul>\r\n													<li class=\"mb-3\"><span class=\"text-secondary font-weight-bold\">Type : </span>Appartment</li>\r\n													<li class=\"mb-3\"><span class=\"text-secondary font-weight-bold\">Security : </span>Yes</li>\r\n													<li class=\"mb-3\"><span class=\"text-secondary font-weight-bold\">Dining Capacity : </span>10 People</li>\r\n													\r\n													</ul>\r\n													</div>\r\n													<div class=\"col-md-4\">\r\n													<ul>\r\n													<li class=\"mb-3\"><span class=\"text-secondary font-weight-bold\">3rd Party : </span>No</li>\r\n													<li class=\"mb-3\"><span class=\"text-secondary font-weight-bold\">Alivator : </span>Yes</li>\r\n													<li class=\"mb-3\"><span class=\"text-secondary font-weight-bold\">Water Supply : </span>Ground Water / Tank</li>\r\n													</ul>\r\n													</div>', '05.jpg', '04.jpg', '03.jpg', '02.jpg', '01.jpg', 15, 'Available', '', '', '', '', '2020-04-03 14:45:49'),
(86, ' Haven rose', '', 'villa', '2 BHK', 'sale', 1, 2, 3, 4, 5, '3rd Floor', 4321, 897898, 'Ashtavinayak Marg, Daulat Nagar, Thane East', 'thane', 'maharashtra', '<div class=\"col-md-4\">\r\n													<ul>\r\n													<li class=\"mb-3\"><span class=\"text-secondary font-weight-bold\">Property Age : </span>10 Years</li>\r\n													<li class=\"mb-3\"><span class=\"text-secondary font-weight-bold\">Swiming Pool : </span>Yes</li>\r\n													\r\n													<li class=\"mb-3\"><span class=\"text-secondary font-weight-bold\">Parking : </span>Yes</li>\r\n													</ul>\r\n													</div>\r\n													<div class=\"col-md-4\">\r\n													<ul>\r\n													<li class=\"mb-3\"><span class=\"text-secondary font-weight-bold\">Type : </span>Appartment</li>\r\n													<li class=\"mb-3\"><span class=\"text-secondary font-weight-bold\">Security : </span>Yes</li>\r\n													<li class=\"mb-3\"><span class=\"text-secondary font-weight-bold\">Dining Capacity : </span>10 People</li>\r\n													\r\n													</ul>\r\n													</div>\r\n													<div class=\"col-md-4\">\r\n													<ul>\r\n													<li class=\"mb-3\"><span class=\"text-secondary font-weight-bold\">3rd Party : </span>No</li>\r\n													<li class=\"mb-3\"><span class=\"text-secondary font-weight-bold\">Alivator : </span>Yes</li>\r\n													<li class=\"mb-3\"><span class=\"text-secondary font-weight-bold\">Water Supply : </span>Ground Water / Tank</li>\r\n													</ul>\r\n													</div>', '2.jpg', '1.jpg', '5.jpg', '4.jpg', '3.jpg', 15, 'Available', '', '', '', '', '2020-04-03 00:28:14');

-- --------------------------------------------------------

--
-- Table structure for table `property_requests`
--

CREATE TABLE `property_requests` (
  `id` int(11) NOT NULL,
  `uid` int(11) DEFAULT NULL,
  `uemail` varchar(255) DEFAULT NULL,
  `uphone` varchar(20) DEFAULT NULL,
  `pid` int(11) DEFAULT NULL,
  `message` text DEFAULT NULL,
  `status` varchar(255) DEFAULT NULL
) ENGINE=InnoDB DEFAULT CHARSET=utf8mb4 COLLATE=utf8mb4_general_ci;

--
-- Dumping data for table `property_requests`
--

INSERT INTO `property_requests` (`id`, `uid`, `uemail`, `uphone`, `pid`, `message`, `status`) VALUES
(127, 21, 'disha@gmail.com', '52862', 15, '969696', 'Available'),
(128, 15, 'aryan@gmail.com', '452454', 24, '55545', 'Unavailable'),
(129, 15, 'aryan@gmail.com', '552', 24, '85852', 'Unavailable'),
(130, 15, 'aryan@gmail.com', '7', 15, '888', 'Available'),
(131, 28, 'amar.newate@gmail.com', '858658', 11, '869/69/', 'Available'),
(132, 28, 'amar.newate@gmail.com', '58568696968', 15, 'hello world', 'Available'),
(133, 28, 'amar.newate@gmail.com', '4747', 17, '++++++++++++++++++++', 'Available'),
(134, 14, 'admin@gmail.com', '8568968', 17, '6839863', 'Available'),
(136, 14, 'admin@gmail.com', '2828', 25, '96988', 'Available'),
(139, NULL, 'gythty@gmail.com', 'rtte', 11, 'tett', 'Available'),
(140, NULL, 'tuyt@gmail.comt', '754', 15, '8/', 'Available'),
(141, 15, 'aryan@gmail.com', '4555554444', 25, '6986986++999', 'Available'),
(142, NULL, 'srser@gmail.com', '5244444444', 26, '555555555556', 'Available'),
(143, 14, 'admin@gmail.com', '4568756644', 25, 'hello', 'Available'),
(144, 14, 'admin@gmail.com', '68768686', 25, '/99/', 'Available');

-- --------------------------------------------------------

--
-- Table structure for table `purchase_property`
--

CREATE TABLE `purchase_property` (
  `id` int(11) NOT NULL,
  `pid` int(11) DEFAULT NULL,
  `property_img` varchar(50) DEFAULT '',
  `price_property` varchar(50) DEFAULT '',
  `user_name` varchar(50) DEFAULT NULL,
  `user_email` varchar(50) DEFAULT NULL,
  `user_phone` int(11) DEFAULT NULL,
  `property_date` varchar(50) DEFAULT '',
  `user_uid` int(11) DEFAULT NULL,
  `transaction_id` varchar(255) DEFAULT NULL,
  `title` varchar(50) DEFAULT NULL,
  `purchase_time` datetime DEFAULT NULL
) ENGINE=InnoDB DEFAULT CHARSET=utf8mb4 COLLATE=utf8mb4_general_ci;

--
-- Dumping data for table `purchase_property`
--

INSERT INTO `purchase_property` (`id`, `pid`, `property_img`, `price_property`, `user_name`, `user_email`, `user_phone`, `property_date`, `user_uid`, `transaction_id`, `title`, `purchase_time`) VALUES
(221, 86, '2.jpg', '1005645.76', ' Amar Newate', 'amarnewate@gmail.com', 2147483647, '3rd April 2020', 32, '1710082254041390', ' Haven rose', '2024-03-10 20:20:54'),
(222, 15, '01.jpg', '1742720', ' Amar Newate', 'amarnewate@gmail.com', 2147483647, '3rd April 2020', 32, '1710082711788511', 'Tranquil Waters', '2024-03-10 20:28:31'),
(223, 15, '01.jpg', '1742720', ' Amar Newate', 'amarnewate@gmail.com', 2147483647, '3rd April 2020', 32, '1710082982377562', 'Tranquil Waters', '2024-03-10 20:33:02'),
(224, 15, '01.jpg', '1742720', ' Amar Newate', 'amarnewate@gmail.com', 2147483647, '3rd April 2020', 32, '1710083436533714', 'Tranquil Waters', '2024-03-10 20:40:36'),
(225, 15, '01.jpg', '1742720', ' Amar Newate', 'amarnewate@gmail.com', 2147483647, '3rd April 2020', 32, '1710083517971410', 'Tranquil Waters', '2024-03-10 20:41:57'),
(226, 15, '01.jpg', '1742720', ' Amar Newate', 'amarnewate@gmail.com', 2147483647, '3rd April 2020', 32, '1710083533667990', 'Tranquil Waters', '2024-03-10 20:42:13');

-- --------------------------------------------------------

--
-- Table structure for table `state`
--

CREATE TABLE `state` (
  `sid` int(50) NOT NULL,
  `sname` varchar(100) NOT NULL
) ENGINE=InnoDB DEFAULT CHARSET=utf8mb4 COLLATE=utf8mb4_general_ci;

--
-- Dumping data for table `state`
--

INSERT INTO `state` (`sid`, `sname`) VALUES
(2, 'gujarat'),
(3, 'goa'),
(4, 'maharashtra'),
(7, 'bihar'),
(9, 'chhattisgarh'),
(10, 'uttar pardesh'),
(15, 'rajasthan');

-- --------------------------------------------------------

--
-- Table structure for table `user`
--

CREATE TABLE `user` (
  `uid` int(50) NOT NULL,
  `uname` varchar(100) NOT NULL,
  `uemail` varchar(100) NOT NULL,
  `uphone` varchar(20) NOT NULL,
  `uaddress` varchar(255) DEFAULT NULL,
  `upass` varchar(50) CHARACTER SET latin2 COLLATE latin2_croatian_ci NOT NULL,
  `utype` varchar(50) NOT NULL,
  `uimage` varchar(300) NOT NULL
) ENGINE=InnoDB DEFAULT CHARSET=utf8mb4 COLLATE=utf8mb4_general_ci;

--
-- Dumping data for table `user`
--

INSERT INTO `user` (`uid`, `uname`, `uemail`, `uphone`, `uaddress`, `upass`, `utype`, `uimage`) VALUES
(14, 'admin', 'admin@gmail.com', '9876543210', NULL, 'Amar', 'user', '3.jpg'),
(15, 'aryan', 'aryan@gmail.com', '9878678678', NULL, 'aryan', 'agent', '2.jpg'),
(21, 'Amar', 'amar@gmail.com', '7976956956', NULL, 'amar', 'agent', '2.jpg'),
(22, 'disha', 'disha1@gmail.com', '8997897869', NULL, 'disha', 'agent', '1.jpg'),
(23, 'testing', 'testing@gmail.com', '9869596597', NULL, 'testing', 'builder', '1.jpg'),
(24, 'some', 'some@gmail.com', '9689698697', NULL, 'some', 'builder', '3.jpg'),
(28, 'Amar', 'amar.newate@gmail.com', '1234567890', NULL, 'amar', 'user', 'peakpx.jpg'),
(29, 'AmarNewate', 'amar.newate+1@gmail.com', '9324493997', NULL, 'amar@123', 'user', 'peakpx.jpg'),
(30, 'amar', 'tyt@gmail.com', '2222222222', NULL, '1', 'user', 'peakpx.jpg'),
(31, 'Amar', 'amar+1@gmail.com', '1234567890', NULL, '$2y$10$OKqKt4vzCNpXgMODpC2OM.ZT.xUpTkYltrsV9iLVofm', 'user', 'peakpx.jpg'),
(32, 'Amar Newate', 'amarnewate@gmail.com', '9324493997', 'Jyoti Kalesh Apt 2nd Fllor Room No 201 Near Jaishankar Krida Mandal Ganeshwadi Koisewadi Kalyan East', 'Amar', 'user', 'peakpx.jpg');

--
-- Indexes for dumped tables
--

--
-- Indexes for table `about`
--
ALTER TABLE `about`
  ADD PRIMARY KEY (`id`);

--
-- Indexes for table `admin`
--
ALTER TABLE `admin`
  ADD PRIMARY KEY (`aid`);

--
-- Indexes for table `city`
--
ALTER TABLE `city`
  ADD PRIMARY KEY (`cid`);

--
-- Indexes for table `contact`
--
ALTER TABLE `contact`
  ADD PRIMARY KEY (`cid`);

--
-- Indexes for table `feedback`
--
ALTER TABLE `feedback`
  ADD PRIMARY KEY (`fid`);

--
-- Indexes for table `property`
--
ALTER TABLE `property`
  ADD PRIMARY KEY (`pid`);

--
-- Indexes for table `property_requests`
--
ALTER TABLE `property_requests`
  ADD PRIMARY KEY (`id`);

--
-- Indexes for table `purchase_property`
--
ALTER TABLE `purchase_property`
  ADD PRIMARY KEY (`id`);

--
-- Indexes for table `state`
--
ALTER TABLE `state`
  ADD PRIMARY KEY (`sid`);

--
-- Indexes for table `user`
--
ALTER TABLE `user`
  ADD PRIMARY KEY (`uid`);

--
-- AUTO_INCREMENT for dumped tables
--

--
-- AUTO_INCREMENT for table `about`
--
ALTER TABLE `about`
  MODIFY `id` int(10) NOT NULL AUTO_INCREMENT, AUTO_INCREMENT=11;

--
-- AUTO_INCREMENT for table `admin`
--
ALTER TABLE `admin`
  MODIFY `aid` int(10) NOT NULL AUTO_INCREMENT, AUTO_INCREMENT=10;

--
-- AUTO_INCREMENT for table `city`
--
ALTER TABLE `city`
  MODIFY `cid` int(50) NOT NULL AUTO_INCREMENT, AUTO_INCREMENT=13;

--
-- AUTO_INCREMENT for table `contact`
--
ALTER TABLE `contact`
  MODIFY `cid` int(50) NOT NULL AUTO_INCREMENT, AUTO_INCREMENT=8;

--
-- AUTO_INCREMENT for table `feedback`
--
ALTER TABLE `feedback`
  MODIFY `fid` int(50) NOT NULL AUTO_INCREMENT, AUTO_INCREMENT=10;

--
-- AUTO_INCREMENT for table `property`
--
ALTER TABLE `property`
  MODIFY `pid` int(50) NOT NULL AUTO_INCREMENT, AUTO_INCREMENT=87;

--
-- AUTO_INCREMENT for table `property_requests`
--
ALTER TABLE `property_requests`
  MODIFY `id` int(11) NOT NULL AUTO_INCREMENT, AUTO_INCREMENT=145;

--
-- AUTO_INCREMENT for table `purchase_property`
--
ALTER TABLE `purchase_property`
  MODIFY `id` int(11) NOT NULL AUTO_INCREMENT, AUTO_INCREMENT=227;

--
-- AUTO_INCREMENT for table `state`
--
ALTER TABLE `state`
  MODIFY `sid` int(50) NOT NULL AUTO_INCREMENT, AUTO_INCREMENT=16;

--
-- AUTO_INCREMENT for table `user`
--
ALTER TABLE `user`
  MODIFY `uid` int(50) NOT NULL AUTO_INCREMENT, AUTO_INCREMENT=33;
COMMIT;

/*!40101 SET CHARACTER_SET_CLIENT=@OLD_CHARACTER_SET_CLIENT */;
/*!40101 SET CHARACTER_SET_RESULTS=@OLD_CHARACTER_SET_RESULTS */;
/*!40101 SET COLLATION_CONNECTION=@OLD_COLLATION_CONNECTION */;
